<?xml version="1.0" encoding="UTF-8" standalone="yes"?>
<addon id="script.venom.artwork" version="1.2" name="[B][COLOR red]Venom[/COLOR] Artwork[/B]" provider-name="Venom">
	<requires>
		<import addon="xbmc.python" version="2.19.0"/>
	</requires>
	<extension point="xbmc.python.module" library="lib" />
	<extension point="xbmc.addon.metadata">
		<summary>Themes for the Venom Addon</summary>
		<description></description>
		<disclaimer></disclaimer>
		<language>en</language>
		<platform>all</platform>
		<license></license>
		<forum></forum>
		<website></website>
		<email></email>
		<source></source>
		<news></news>
		<assets>
			<icon>icon.png</icon>
			<fanart></fanart>
			<banner></banner>
			<clearlogo></clearlogo>
			<screenshot></screenshot>
		</assets>
	</extension>
</addon>