<addon id="plugin.video.venom" name="[COLOR red]Venom[/COLOR]" provider-name="Venom" version="5.0.1">
	<requires>
		<import addon="context.venom" />
		<import addon="script.module.myaccounts" />
		<import addon="script.module.fenomscrapers" />
		<import addon="script.module.requests" />
		<import addon="script.module.beautifulsoup4" />
		<import addon="script.module.metahandler" optional="true" />
		<import addon="plugin.video.youtube" optional="true" />
		<import addon="script.module.addon.signals" optional="true" />
	</requires>
	<extension library="venom.py" point="xbmc.python.pluginsource">
		<provides>video</provides>
	</extension>
	<extension library="service.py" point="xbmc.service" start="startup" />
	<extension library="resources/lib/" point="xbmc.python.module" /> 
	<extension point="xbmc.addon.metadata">
		<reuselanguageinvoker>true</reuselanguageinvoker>
		<summary lang="en">[B][COLOR red]Venom[/COLOR][/B] - We do not host any of the contents streamed</summary>
		<description lang="en">[B][COLOR red]Venom[/COLOR][/B][CR] This addon does not form part of the Kodi Media Centre. Please do not seek assistance with this addon from any of the Official Kodi Support Channels.[CR]The author does not host any of the content in this addon and takes no responsibility for content found</description>
		<platform>all</platform>
		<license>GNU GENERAL PUBLIC LICENSE. Version 3, 29 June 2007</license>
		<forum />
		<website>https://github.com/123Venom/plugin.video.venom</website>
		<source>https://github.com/123Venom/plugin.video.venom</source>
		<disclaimer lang="en">The author of this addon do not host any of the content which is found and have no affiliation with any of the content providers. This addon simply searches websites for content. Use at your own risk!</disclaimer>
		<assets>
			<icon>icon.png</icon>
			<fanart>fanart.jpg</fanart>
			<screenshot>resources/screenshots/screenshot001.jpg</screenshot>
			<screenshot>resources/screenshots/screenshot002.jpg</screenshot>
			<screenshot>resources/screenshots/screenshot003.jpg</screenshot>
		</assets>
		<news>
[B][COLOR red]Update - v5.0.1 - April 25, 2021[/COLOR][/B]
[COLOR yellow]--[/COLOR][I] Fixed "Play Random" failure.[/I]
[COLOR yellow]--[/COLOR][I] Fixed Trakt User list setting wrong key value for "premiered" from
    json response.[/I]
[COLOR yellow]--[/COLOR][I] Some tweaks for better resolving of .m2ts...Thank you tikipeter![/I]
[COLOR yellow]--[/COLOR][I] Improved resolving of pack files for a few obscure episode naming
    conventions discovered.[/I]
[COLOR yellow]--[/COLOR][I] Fixed library updates for imported list items.[/I]
[COLOR yellow]--[/COLOR][I] Library now has it's own setting for "Include Special Episodes (Season 0)".[/I]
[COLOR yellow]--[/COLOR][I] Library setting to check movie and episode sources before adding to library is
    removed.[/I]
[COLOR yellow]--[/COLOR][I] Fixed "Container.Refresh" delay seen in some Trakt Manager functions.[/I]
[COLOR yellow]--[/COLOR][I] Trakt Progress now has it's own setting to show unaired episodes.  See Trakt
    category setting.[/I]
[COLOR yellow]--[/COLOR][I] Added new "Upcoming Progress" list to "My TV Shows". [/I]
[COLOR yellow]--[/COLOR][I] Fixed missing encode issue for Leia that resulted in some dropped episodes.[/I]
[COLOR yellow]--[/COLOR][I] Added "status" writes to library database for ease of future debugging needs.[/I]
[COLOR yellow]--[/COLOR][I] Changed Trakt "lastplayed" value to retain timestamp reported from Trakt
    response.  This now allows more accurate sorting for a
    given day with the time now factored in.[/I]
[COLOR yellow]--[/COLOR][I] Fixed fanart setting still passing artwork to skin when disabled.[/I]
[COLOR yellow]--[/COLOR][I] Fixed "offscreen" issue not available in older than Leia versions.[/I]
		</news>
	</extension>
</addon>