<?xml version="1.0" encoding="UTF-8" standalone="yes"?>
<addon id="plugin.video.venom" version="2.8.3" name="[COLOR red]Venom[/COLOR]" provider-name="Venom">

	<requires>
		<import addon="xbmc.python" version="2.19.0" />
		<import addon="script.module.requests" />
		<import addon="script.module.beautifulsoup4" />
		<import addon="script.module.metahandler" />
		<import addon="script.module.resolveurl" />
		<import addon="script.module.openscrapers" />
	</requires>

	<extension point="xbmc.python.pluginsource" library="venom.py">
		<provides>video</provides>
	</extension>

	<extension point="xbmc.service" library="service.py" start="startup" />
	<extension point="xbmc.python.module" library="resources/lib/"/>

	<extension point="xbmc.addon.metadata">
		<summary lang="en">[B][COLOR red]Venom[/COLOR][/B] We do not host any of the contents streamed</summary>
		<description lang="en">[B]Venom[/B][CR] This addon does not form part of the Kodi Media Centre. Please do not seek assistance with this addon from any of the Official Kodi Support Channels.[CR]The author does not host any of the content in this addon and takes no responsibility for content found.</description>
		<platform>all</platform>
		<license>GNU GENERAL PUBLIC LICENSE. Version 3, 29 June 2007</license>
		<forum></forum>
		<website></website>
		<source></source>
		<disclaimer lang="en">The author of this addon do not host any of the content which is found and have no affiliation with any of the content providers. This addon simply searches websites for content. Use at your own risk!</disclaimer>
		<assets>
			<icon>icon.png</icon>
			<fanart>fanart.jpg</fanart>
			<screenshot>resources/screenshots/screenshot01a.jpg</screenshot>
			<screenshot>resources/screenshots/screenshot02a.jpg</screenshot>
			<screenshot>resources/screenshots/screenshot03a.jpg</screenshot>
		</assets>
		<news>
[B][COLOR red]Update - v2.8.3 - May 8, 2019[/COLOR][/B]
[COLOR yellow]--[/COLOR][I] Added TMDb api lists to TV Shows.  Please note
   TMDb's api is rate limited to 40 list items per 10 seconds.  I've added a notification if you hit this
    limit and to please wait! Other wise next page load is not possible till timer expires.  Not my rules!
[COLOR yellow]--[/COLOR][I] Changed all icons in TV Show lists to indicate IMDb, Trakt, or TMDb
   for better knowledge where list is coming from.[/I]
[COLOR yellow]--[/COLOR][I] Added Dutch language choice to api[/I]
[COLOR yellow]--[/COLOR][I] Fixed thread issue with large User/Watch lists[/I]
[COLOR yellow]--[/COLOR][I] TMDb now has it's own py file and as I move towards separate files for
    indexing TMDb, Trakt, IMDb, and TVDb I have chosen to store these files in the "Indexers" folder.
   As a result all menu/navigation py files have been moved to a new "Menu" folder. Some old files were
   not removed in last update and this has now been corrected.[/I]
		</news>
	</extension>

</addon>
