<?xml version="1.0" encoding="UTF-8" standalone="yes"?>
<addon id="script.module.lambdascrapers" name="Lambdascrapers Module" version="1.8.5" provider-name="Venom">
		<requires>
			<import addon="xbmc.python" version="2.1.0" />
			<import addon="script.module.beautifulsoup4" />
		</requires>
		<extension point="xbmc.python.module" library="lib" />
		<extension point="xbmc.python.pluginsource" library="lib/default.py">
			<provides>executable</provides>
			</extension>
		<extension point="xbmc.addon.metadata">
			<summary lang="en">Lambdascrapers Module</summary>
			<description>Scrape common video host for URL's to be playable in XBMC/Kodi, simplifying addon development of video plugins requiring multi video hosts. [CR] Modified by Venom</description>
			<disclaimer lang="en">The author is not responsible for the use of this addon. The author is not responsible for the content found using this addon. The author does not host or own any
								content found within this addon.[CR]The author is in no way affiliated with Kodi, Team Kodi, or the XBMC Foundation.[CR]This is a Non-profit resource, organized solely for educational
								purposes which is protected under the Fair-Use doctrine of the Copyright Act, Specifically section 107, which does promote freedom of expression, by permitting the unlicensed use of
								copyright-protected works.</disclaimer>
			<language>en</language>
			<platform>all</platform>
			<license>GNU GENERAL PUBLIC LICENSE. Version 3, 29 June 2007</license>
			<forum></forum>
			<website></website>
			<email></email>
			<assets>
				<icon>icon.png</icon>
				<fanart></fanart>
				<screenshot></screenshot>
			</assets>
			<news></news>
		</extension>
</addon>