<?xml version="1.0" encoding="UTF-8" standalone="yes"?>
<addon id="plugin.video.venom" version="3.2.6b" name="[COLOR red]Venom[/COLOR]" provider-name="Venom">

	<requires>
		<import addon="xbmc.python" version="2.19.0" />
		<import addon="script.module.requests" version="2.19.1" />
		<import addon="script.module.beautifulsoup4" version="4.5.3"/>
		<import addon="script.module.metahandler" version="2.9.0" />
		<import addon="plugin.video.youtube" version="6.2.0"/>
		<import addon="script.module.resolveurl" version="5.0.27"/>
		<import addon="script.module.openscrapers" />
		<import addon="script.module.addon.signals" version="0.0.1"/>
	</requires>

	<extension point="xbmc.python.pluginsource" library="venom.py">
		<provides>video</provides>
	</extension>

	<extension point="xbmc.service" library="service.py" start="startup" />
	<extension point="xbmc.python.module" library="resources/lib/"/>

	<extension point="xbmc.addon.metadata">
		<summary lang="en">[B][COLOR red]Venom[/COLOR][/B] We do not host any of the contents streamed</summary>
		<description lang="en">[B]Venom[/B][CR] This addon does not form part of the Kodi Media Centre. Please do not seek assistance with this addon from any of the Official Kodi Support Channels.[CR]The author does not host any of the content in this addon and takes no responsibility for content found.</description>
		<platform>all</platform>
		<license>GNU GENERAL PUBLIC LICENSE. Version 3, 29 June 2007</license>
		<forum></forum>
		<website></website>
		<source></source>
		<disclaimer lang="en">The author of this addon do not host any of the content which is found and have no affiliation with any of the content providers. This addon simply searches websites for content. Use at your own risk!</disclaimer>
		<assets>
			<icon>icon.png</icon>
			<fanart>fanart.jpg</fanart>
			<screenshot>resources/screenshots/screenshot01a.jpg</screenshot>
			<screenshot>resources/screenshots/screenshot02a.jpg</screenshot>
			<screenshot>resources/screenshots/screenshot03a.jpg</screenshot>
		</assets>
		<news>
[B][COLOR red]Update - v3.2.6 - Oct 12, 2019[/COLOR][/B]
[COLOR yellow]--[/COLOR][I] Added more Navigation options to
    now cover most all.[/I]
[COLOR yellow]--[/COLOR][I] Changed IMDb lists from local sort
    method to server request sorting.
    This allows "Date Added" for IMDb
    lists to now work.[/I]
[COLOR yellow]--[/COLOR][I] Moved "My List" to Navigation settings.[/I]
[COLOR yellow]--[/COLOR][I] Hard coded "Movie-Collections" sort
    order to release_date.asc. In the event
    user changes Movie sort to "Title" or
    "Date Added" this made more sense to
    keep a movie collection in order of
    release date, occurance, in order as 1,
    2 ,3 etc.[/I]
[COLOR yellow]--[/COLOR][I] Moved "season count" and "unwatched
    count" to main "TV Shows" and out of
    UpNext settings, made no sense being
    there.[/I]
[COLOR yellow]--[/COLOR][I] Added setting to turn on notificcation
    sounds, now off by default for ALL.[/I]
[COLOR yellow]--[/COLOR][I] Added tvShort to IMDb url for Movie user
    lists.  This allows short films to be
    brought in to lists even if TV aired.[/I]
[COLOR yellow]--[/COLOR][I] Aded IMDb "My Ratings" to "My Lists" for
    both Movies and TVShows.  Added
    filtering for both due to IMDb does not
    handle "title_type" for user Rating lists.[/I]
		</news>
	</extension>
</addon>
