<?xml version="1.0" encoding="UTF-8" standalone="yes"?>
<addon id="plugin.video.venom" version="3.3.0" name="[COLOR red]Venom[/COLOR]" provider-name="Venom">

	<requires>
		<import addon="xbmc.python" version="2.19.0" />
		<import addon="script.module.requests" version="2.19.1" />
		<import addon="script.module.beautifulsoup4" version="4.5.3"/>
		<import addon="script.module.metahandler" version="2.9.0" />
		<import addon="plugin.video.youtube" version="6.2.0"/>
		<import addon="script.module.resolveurl" version="5.0.27"/>
		<import addon="script.module.openscrapers" />
		<import addon="script.module.addon.signals" version="0.0.1"/>
	</requires>

	<extension point="xbmc.python.pluginsource" library="venom.py">
		<provides>video</provides>
	</extension>

	<extension point="xbmc.service" library="service.py" start="startup" />
	<extension point="xbmc.python.module" library="resources/lib/"/>

	<extension point="xbmc.addon.metadata">
		<summary lang="en">[B][COLOR red]Venom[/COLOR][/B] We do not host any of the contents streamed</summary>
		<description lang="en">[B]Venom[/B][CR] This addon does not form part of the Kodi Media Centre. Please do not seek assistance with this addon from any of the Official Kodi Support Channels.[CR]The author does not host any of the content in this addon and takes no responsibility for content found.</description>
		<platform>all</platform>
		<license>GNU GENERAL PUBLIC LICENSE. Version 3, 29 June 2007</license>
		<forum></forum>
		<website></website>
		<source></source>
		<disclaimer lang="en">The author of this addon do not host any of the content which is found and have no affiliation with any of the content providers. This addon simply searches websites for content. Use at your own risk!</disclaimer>
		<assets>
			<icon>icon.png</icon>
			<fanart>fanart.jpg</fanart>
			<screenshot>resources/screenshots/screenshot01a.jpg</screenshot>
			<screenshot>resources/screenshots/screenshot02a.jpg</screenshot>
			<screenshot>resources/screenshots/screenshot03a.jpg</screenshot>
		</assets>
		<news>
[B][COLOR red]Update - v3.3.0 - Oct 27, 2019[/COLOR][/B]
[COLOR yellow]--[/COLOR][I] Re-wrote TV Shows-Calendar (TVMaze). Hard coded shows air time
    to display and changed sort to match api response
    order for time aired.  Added extended artwork from
    fanart.tv. Added season.posters[/I]
[COLOR yellow]--[/COLOR][I] Addeed setting option "Direct Progress Scraping" for Trakt Progress list.
    This will now bypass the Trakt secondary progress episode list and begin
    scraping current selected episode instead.  Added
    context menu option "Browse Progress" for when
    new setting option is enabled to allow bypassing
    on the fly. Added new context menu option
    "Direct Progress Scrape" when new setting
    option is not enabled.[/I]
[COLOR yellow]--[/COLOR][I] Fixed episode ID ""None" type issue for occasional missing ids in Trakt
    api response during TV Show search when
    Up Next is enabled.[/I]
		</news>
	</extension>
</addon>
