<addon id="plugin.video.venom" name="[COLOR red]Venom[/COLOR]" provider-name="Venom" version="4.4.5h">
	<requires>
		<import addon="context.venom" />
		<import addon="script.module.myaccounts" />
		<import addon="script.module.fenomscrapers" />
		<import addon="script.module.requests" />
		<import addon="script.module.beautifulsoup4" />
		<import addon="script.module.metahandler" optional="true" />
		<import addon="plugin.video.youtube" optional="true" />
		<import addon="script.module.addon.signals" optional="true" />
	</requires>
	<extension library="venom.py" point="xbmc.python.pluginsource">
		<provides>video</provides>
	</extension>
	<extension library="service.py" point="xbmc.service" start="startup" />
	<extension library="resources/lib/" point="xbmc.python.module" /> 
	<extension point="xbmc.addon.metadata">
		<reuselanguageinvoker>true</reuselanguageinvoker>
		<summary lang="en">[B][COLOR red]Venom[/COLOR][/B] - We do not host any of the contents streamed</summary>
		<description lang="en">[B][COLOR red]Venom[/COLOR][/B][CR] This addon does not form part of the Kodi Media Centre. Please do not seek assistance with this addon from any of the Official Kodi Support Channels.[CR]The author does not host any of the content in this addon and takes no responsibility for content found</description>
		<platform>all</platform>
		<license>GNU GENERAL PUBLIC LICENSE. Version 3, 29 June 2007</license>
		<forum />
		<website>https://github.com/123Venom/plugin.video.venom</website>
		<source>https://github.com/123Venom/plugin.video.venom</source>
		<disclaimer lang="en">The author of this addon do not host any of the content which is found and have no affiliation with any of the content providers. This addon simply searches websites for content. Use at your own risk!</disclaimer>
		<assets>
			<icon>icon.png</icon>
			<fanart>fanart.jpg</fanart>
			<screenshot>resources/screenshots/screenshot001.jpg</screenshot>
			<screenshot>resources/screenshots/screenshot002.jpg</screenshot>
			<screenshot>resources/screenshots/screenshot003.jpg</screenshot>
		</assets>
		<news>
[B][COLOR red]Update - v4.4.5 - March 11, 2021[/COLOR][/B]
[COLOR yellow]--[/COLOR][I] Fixed ampersand sign in news to be encoded.  Sorry about that
    folks, simply forgot.[/I]
[B][COLOR red]Update - v4.4.4 - March 11, 2021[/COLOR][/B]
[COLOR yellow]--[/COLOR][I] Note TMDBHelper player files have been updated.  Be sure
    to update via the TMDBHelper settings.[/I]
[COLOR yellow]--[/COLOR][I] Fixed TMDBHelper playback of library files(.strm) when
    TMDBHelper is set to "Automatically play local files".[/I]
[COLOR yellow]--[/COLOR][I] Few tweaks to some annoying folder and file names used for
    library integration. Ex. "&amp;" was replaced with an underscore,
    now replaced with the word "and".  Apostrophes in names
    were being replaces with a "."(dot), now just removed.[/I]
		</news>
	</extension>
</addon>