<?xml version="1.0" encoding="UTF-8" standalone="yes"?>
<addon id="context.trailer.mod" name="Play Trailer Mod" version="1.0.4" provider-name="Venom">
	<requires>
		<import addon="xbmc.python" version="2.25.0"/>
		<import addon="plugin.video.youtube" version="6.2.0"/>
	</requires>
	<extension point="kodi.context.item">
		<menu id="kodi.core.main">
			<item library="autoplay.py">
				<label>32000</label>
				<visible>
					String.IsEqual(Window(home).Property(context.trailer.autoplay),true) +
					[String.IsEqual(ListItem.dbtype,movie) | String.IsEqual(ListItem.dbtype,tvshow)] +
					!String.IsEmpty(ListItem.Trailer)
				</visible>
			</item>
			<item library="selectplay.py">
				<label>32001</label>
				<visible>
					String.IsEqual(Window(home).Property(context.trailer.selectplay),true) +
					[String.IsEqual(ListItem.dbtype,movie) | String.IsEqual(ListItem.dbtype,tvshow)]
				</visible>
			</item>
		</menu>
	</extension>
	<extension point="xbmc.service" library="service.py" />
	<extension point="kodi.addon.metadata">
		<summary lang="en">Play a movie or show trailer from the context menu in the library.</summary>
		<description lang="en">Adds a context menu entry for movies or shows that have a trailer in the database. Choose windowed or fullscreen play in the settings.</description>
		<platform>all</platform>
		<license>GNU GENERAL PUBLIC LICENSE. Version 3, 29 June 2007</license>
		<forum></forum>
		<website>https://github.com/123Venom/context.trailer.mod</website>
		<source>https://github.com/123Venom/context.trailer.mod</source>
		<disclaimer lang="en"></disclaimer>
		<assets>
			<icon>icon.png</icon>
			<fanart>fanart.jpg</fanart>
		</assets>
		<news>v1.0.4
    Added missing youtube dependency.</news>
	</extension>
</addon>
