<addon id="plugin.video.venom" name="[COLOR red]Venom[/COLOR]" provider-name="Venom" version="4.3.1a">
	<requires>
		<import addon="xbmc.python" version="2.19.0" />
		<import addon="context.venom" version="1.0.0" />
		<import addon="script.module.myaccounts" version="1.0.0" />
		<import addon="script.module.fenomscrapers" version="1.0.0" />
		<import addon="script.module.requests" version="2.19.1" />
		<import addon="script.module.beautifulsoup4" version="4.5.3" />
		<import addon="script.module.metahandler" version="2.9.0" />
		<import addon="plugin.video.youtube" version="6.2.0" />
		<import addon="script.module.addon.signals" version="0.0.3" />
	</requires>
	<extension library="venom.py" point="xbmc.python.pluginsource">
		<provides>video</provides>
	</extension>
	<extension library="service.py" point="xbmc.service" start="startup" />
	<extension library="resources/lib/" point="xbmc.python.module" /> 
	<extension point="xbmc.addon.metadata">
		<reuselanguageinvoker>true</reuselanguageinvoker>
		<summary lang="en">[B][COLOR red]Venom[/COLOR][/B] - We do not host any of the contents streamed</summary>
		<description lang="en">[B][COLOR red]Venom[/COLOR][/B][CR] This addon does not form part of the Kodi Media Centre. Please do not seek assistance with this addon from any of the Official Kodi Support Channels.[CR]The author does not host any of the content in this addon and takes no responsibility for content found</description>
		<platform>all</platform>
		<license>GNU GENERAL PUBLIC LICENSE. Version 3, 29 June 2007</license>
		<forum />
		<website>https://github.com/123Venom/plugin.video.venom</website>
		<source>https://github.com/123Venom/plugin.video.venom</source>
		<disclaimer lang="en">The author of this addon do not host any of the content which is found and have no affiliation with any of the content providers. This addon simply searches websites for content. Use at your own risk!</disclaimer>
		<assets>
			<icon>icon.png</icon>
			<fanart>fanart.jpg</fanart>
			<screenshot>resources/screenshots/screenshot001.jpg</screenshot>
			<screenshot>resources/screenshots/screenshot002.jpg</screenshot>
			<screenshot>resources/screenshots/screenshot003.jpg</screenshot>
		</assets>
		<news>
[B][COLOR red]Update - v4.3.1 - Dec. 18, 2020[/COLOR][/B]
[COLOR yellow]--[/COLOR][I] Fixed Anime Movies and TV Shows menu not advancing to
    next page.[/I]
[COLOR yellow]--[/COLOR][I] Fixed RD caching of uncached torrents, stalled at file select.[/I]
[COLOR yellow]--[/COLOR][I] Fixed RD "My Downloads" not loading results.[/I]
[COLOR yellow]--[/COLOR][I] Fixed Trakt sync for "Scrobble Reset" items not sync'd to
    other devices.[/I]
[COLOR yellow]--[/COLOR][I] Added ability to auto start playback upon completion of
    caching uncached torrent.[/I]
[COLOR yellow]--[/COLOR][I] Added new "yes-no" dialog when cancelling caching of
    uncached torrent.  Now user has the option to
    close progress dialog but allow premium service
    to continue it's download, or close and cancel both.[/I]
[COLOR yellow]--[/COLOR][I] Request to add debrid account expiry notification.  This
    has now been added to the "My Accounts" addon.[/I]
[COLOR yellow]--[/COLOR][I] Removed "Multi-Line Source Select" setting.  This is now
    the hard coded default.[/I]
[COLOR yellow]--[/COLOR][I] Uncached torrents now has it's own color setting choice
    under "Torrent Settings".[/I]
[COLOR yellow]--[/COLOR][I] Due to settings changes the entire "Source Options"
    category has be rearranged.  A new heading has been
    added to better group settings based on the flow of
    scraping process and source selection.  It is advisable
    to review and save settings.[/I]
		</news>
	</extension>
</addon>