<?xml version="1.0" encoding="UTF-8" standalone="yes"?>
<addon id="plugin.video.venom" version="2.4.6" name="[B][COLOR red]Venom[/COLOR][/B]" provider-name="Venom">

	<requires>
		<import addon="xbmc.python" version="2.19.0" />
<!--		<import addon="script.module.venom" /> -->
<!--		<import addon="script.venom.artwork" /> -->
<!--		<import addon="script.venom.metadata" /> -->
		<import addon="script.module.beautifulsoup4" />
		<import addon="script.module.resolveurl" />
		<import addon="script.module.requests" />
		<import addon="script.module.metahandler" />
		<import addon="script.module.lambdascrapers" />
	</requires>

	<extension point="xbmc.python.pluginsource" library="venom.py">
		<provides>video</provides>
	</extension>

	<extension point="xbmc.service" library="service.py" start="startup" />
	<extension point="xbmc.python.module" library="resources/lib/"/>

	<extension point="xbmc.addon.metadata">
		<summary lang="en">[B][COLOR red]Venom[/COLOR][/B] is a educational add-on. We do not host any of the contents streamed</summary>
		<description lang="en">[B]Venom[/B][CR] [B]***Lambda Sources Edition***[/B][CR]This addon does not form part of the Kodi Media Centre. Please do not seek assistance with this addon from any of the Official Kodi Support Channels.[CR]The author does not host any of the content in this addon and takes no responsibility for content found.[CR]Modified by Venom</description>
		<disclaimer lang="en">The author of this addon do not host any of the content which is found and have no affiliation with any of the content providers. This addon simply searches websites for content. Use at your own risk!</disclaimer>
		<platform>all</platform>
		<license>GNU GENERAL PUBLIC LICENSE. Version 3, 29 June 2007</license>
		<assets>
			<icon>icon.png</icon>
			<fanart>fanart.jpg</fanart>
			<screenshot>resources/screenshots/1.png</screenshot>
			<screenshot>resources/screenshots/2.png</screenshot>
			<screenshot>resources/screenshots/3.png</screenshot>
		</assets>
		<news>
[B]Update - v2.4.6 - March 15th, 2019[/B]
[I]-- Added Christmas collection with option to enable/disable in settings[/I]

[B]Update - v2.4.5 - March 15th, 2019[/B]
[I]-- Conlidation of Addons![/I]
[I]-- Moved script.module.venom to plugin[/I]
[I]-- Moved script.venom.artwork to plugin[/I]
[I]-- Deleted script.venom.metada, purely uses just the meta.db cache file in userdata now[/I]
[I]-- The above 3 scripts will now be listed under dependencies as "orphaned" so uninstall them![/I]

[B]Update - v2.4.4 - March 13th, 2019[/B]
[I]-- Added color option for unaired episodes[/I]
[I]-- Removed Alluc account[/I]
[I]-- Removed Segos account[/I]
[I]-- Added Gostream account settings[/I]

[B]Update - v2.4.3 - March 7th, 2019[/B]
[I]-- Few fixes to Collections movie section[/I]

[B]Update - 2.4.2 - March 4th, 2019[/B]
[I]-- Fixed Certificates section for IMDB adress change[/I]

2[B]Update - 2.4.0 - March 1st, 2019[/B]
[I]-- One more settings page change to address Leia bugs[/I]

2[B]Update - 2.3.9 - Feb. 27th, 2019[/B]
[I]-- Restructured settings page to address Leia bugs[/I]

[B]Update - 2.3.8 - Feb. 26th, 2019[/B]
[I]-- Account settings fixes[/I]

[B]Update - 2.3.7 - Feb. 25th, 2019[/B]
[I]-- Added hidden Trakt username to settings[/I]
[I]-- for visual confirmation of Authentication[/I]

[B]Update - 2.3.6 - Feb. 23rd, 2019[/B]
[I]-- Setting page fixes for Leia changes[/I]
[I]-- Takt fixes - [/I]
[I]-- Resume playback fix (Eggman)[/I]


[B]Update - 2.3.5 - Feb. 21st, 2019[/B]
[I]-- updated lang ID's[/I]

[B]Update - 2.2 - Feb. 20th, 2019[/B]
[I]-- Play trailer fix under Leia-Eggman![/I]

[B]Update - 2.1 - Feb. 19th, 2019[/B]
[I]--  Reorganized settings menu[/I]
		</news>
	</extension>

</addon>
