<?xml version="1.0" encoding="UTF-8" standalone="yes"?>
<addon id="script.venom.metadata" version="1.1" name="Venom Metadata" provider-name="Venom">
	<requires>
		<import addon="xbmc.python" version="2.19.0"/>
	</requires>
	<extension point="xbmc.python.module" library="lib" />
	<extension point="xbmc.addon.metadata">
		<summary>Metadata for the Venom Addon</summary>
		<description>Metadata for Venom are maintained separately to make distribution of the the addon itself easier/faster.</description>
		<disclaimer></disclaimer>
		<language>en</language>
		<platform>all</platform>
		<license></license>
		<forum></forum>
		<website></website>
		<email></email>
		<source></source>
		<news></news>
		<assets>
			<icon>icon.png</icon>
			<fanart></fanart>
			<banner></banner>
			<clearlogo></clearlogo>
			<screenshot></screenshot>
		</assets>
	</extension>
</addon>