<?xml version="1.0" encoding="UTF-8" standalone="yes"?>
<addon id="plugin.video.venom" version="3.4.0" name="[COLOR red]Venom[/COLOR]" provider-name="Venom">

	<requires>
		<import addon="xbmc.python" version="2.19.0" />
		<import addon="script.module.requests" version="2.19.1" />
		<import addon="script.module.beautifulsoup4" version="4.5.3"/>
		<import addon="script.module.metahandler" version="2.9.0" />
		<import addon="plugin.video.youtube" version="6.2.0"/>
		<import addon="script.module.resolveurl" version="5.0.27"/>
		<import addon="script.module.openscrapers" />
		<import addon="script.module.addon.signals" version="0.0.3"/>
<!-- 		<import addon="context.venom" version="1.0.0"/> -->
	</requires>

	<extension point="xbmc.python.pluginsource" library="venom.py">
		<provides>video</provides>
	</extension>

	<extension point="xbmc.service" library="service.py" start="startup" />
	<extension point="xbmc.python.module" library="resources/lib/"/>

	<extension point="xbmc.addon.metadata">
		<reuselanguageinvoker>false</reuselanguageinvoker> <!-- You can enable this if you want, expect some instability but much faster menu speeds -->
		<summary lang="en">[B][COLOR red]Venom[/COLOR][/B] - We do not host any of the contents streamed</summary>
		<description lang="en">[B]Venom[/B][CR] This addon does not form part of the Kodi Media Centre. Please do not seek assistance with this addon from any of the Official Kodi Support Channels.[CR]The author does not host any of the content in this addon and takes no responsibility for content found.</description>
		<platform>all</platform>
		<license>GNU GENERAL PUBLIC LICENSE. Version 3, 29 June 2007</license>
		<forum></forum>
		<website></website>
		<source></source>
		<disclaimer lang="en">The author of this addon do not host any of the content which is found and have no affiliation with any of the content providers. This addon simply searches websites for content. Use at your own risk!</disclaimer>
		<assets>
			<icon>icon.png</icon>
			<fanart>fanart.jpg</fanart>
			<screenshot>resources/screenshots/screenshot01a.jpg</screenshot>
			<screenshot>resources/screenshots/screenshot02a.jpg</screenshot>
			<screenshot>resources/screenshots/screenshot03a.jpg</screenshot>
		</assets>
		<news>
[B][COLOR red]Update - v3.4.0 - Dec. 26, 2019[/COLOR][/B]
[COLOR yellow]--[/COLOR][I] Added 2nd notification to library folder check notification
    for auto folder setup.  Now if you answer "no" to the auto
    folder setup you will be presented with a 2nd yes-no dialog
    asking if you'd also like to disable the "Auto Update Service".[/I]
[COLOR yellow]--[/COLOR][I] Fixed Update Service failure if no user lists were
    previously imported under the new system. The failure
    occurred because the db table was only written during
    the import process so service update checks did not
    find this table and halted the entire update process.
    This has been fixed.[/I]
[COLOR yellow]--[/COLOR][I] Fixed occasional duplicate folder entries in the Kodi
    "MyVideos*.db" file.  This occurs because Kodi does
    not fully remove path table entries when manually
    deleted but instead Kodi zeroes out the values so it's
    not seen.  This has been fixed to remove those old
    entries when using the auto folder setup process.[/I]
[COLOR yellow]--[/COLOR][I] Removed link caching process outside of Venom due
    to no global context menu to "Rescrape".  Global
    context menu options are in the works so this is a
    temp solution.[/I]
		</news>
	</extension>
</addon>
