<addon id="plugin.video.venom" name="[COLOR red]Venom[/COLOR]" provider-name="Venom" version="5.1.8">
	<requires>
		<import addon="context.venom" />
		<import addon="script.module.myaccounts" />
		<import addon="script.module.fenomscrapers" />
		<import addon="script.module.requests" />
		<import addon="script.module.beautifulsoup4" />
		<import addon="script.module.metahandler" optional="true" />
		<import addon="plugin.video.youtube" optional="true" />
		<import addon="script.module.addon.signals" optional="true" />
	</requires>
	<extension library="venom.py" point="xbmc.python.pluginsource">
		<provides>video</provides>
	</extension>
	<extension library="service.py" point="xbmc.service" start="startup" />
	<extension library="resources/lib/" point="xbmc.python.module" /> 
	<extension point="xbmc.addon.metadata">
		<reuselanguageinvoker>true</reuselanguageinvoker>
		<summary lang="en">[B][COLOR red]Venom[/COLOR][/B] - We do not host any of the contents streamed</summary>
		<description lang="en">[B][COLOR red]Venom[/COLOR][/B][CR] This addon does not form part of the Kodi Media Centre. Please do not seek assistance with this addon from any of the Official Kodi Support Channels.[CR]The author does not host any of the content in this addon and takes no responsibility for content found</description>
		<platform>all</platform>
		<license>GNU GENERAL PUBLIC LICENSE. Version 3, 29 June 2007</license>
		<forum />
		<website>https://github.com/123Venom/plugin.video.venom</website>
		<source>https://github.com/123Venom/plugin.video.venom</source>
		<disclaimer lang="en">The author of this addon does not host any of the content which is found and have no affiliation with any of the content providers. This addon simply searches websites for content. Use at your own risk!</disclaimer>
		<assets>
			<icon>icon.png</icon>
			<fanart>fanart.jpg</fanart>
			<screenshot>resources/screenshots/screenshot001.jpg</screenshot>
			<screenshot>resources/screenshots/screenshot002.jpg</screenshot>
			<screenshot>resources/screenshots/screenshot003.jpg</screenshot>
		</assets>
		<news>
[B][COLOR red]Update - v5.1.8 - June 18, 2021[/COLOR][/B]
[COLOR yellow]--[/COLOR][I] Cloud Scrapers now support ".m2ts" file scraping. Please read the help file in "Accounts" settings,
    beneath the option to enable, for further info.[/I]
[COLOR yellow]--[/COLOR][I] There is a new option added to disable the scraping of ".m2ts" cloud files from item number
    one above.[/I]
[COLOR yellow]--[/COLOR][I] Source Select xml icons have all been changed to a higher resolution version and the display
    size has been increased for ease of viewing.[/I]
[COLOR yellow]--[/COLOR][I] The "TV Shows" setting to enable, or disable, Unwatched Count of Multi episodes did not respect
    the parent object setting "Unwatched Count".  This is now fixed.[/I]
[COLOR yellow]--[/COLOR][I] Note: My Accounts has been updated to v1.1.1 to assure Traktv token is synchronized with
    Venom addon.  Please be sure to updated.[/I]
		</news>
	</extension>
</addon>