<?xml version="1.0" encoding="UTF-8" standalone="yes"?>
<addon id="plugin.video.venom" version="2.9.6" name="[COLOR red]Venom[/COLOR]" provider-name="Venom">

	<requires>
		<import addon="xbmc.python" version="2.19.0" />
		<import addon="script.module.requests" version="2.19.1" />
		<import addon="script.module.beautifulsoup4" version="4.5.3"/>
		<import addon="script.module.metahandler" version="1.0.0" />
		<import addon="plugin.video.youtube" version="6.2.0"/>
		<import addon="script.module.resolveurl" />
		<import addon="script.module.openscrapers" />
		<import addon="script.module.addon.signals" version="0.0.1"/>
	</requires>

	<extension point="xbmc.python.pluginsource" library="venom.py">
		<provides>video</provides>
	</extension>

	<extension point="xbmc.service" library="service.py" start="startup" />
	<extension point="xbmc.python.module" library="resources/lib/"/>

	<extension point="xbmc.addon.metadata">
		<summary lang="en">[B][COLOR red]Venom[/COLOR][/B] We do not host any of the contents streamed</summary>
		<description lang="en">[B]Venom[/B][CR] This addon does not form part of the Kodi Media Centre. Please do not seek assistance with this addon from any of the Official Kodi Support Channels.[CR]The author does not host any of the content in this addon and takes no responsibility for content found.</description>
		<platform>all</platform>
		<license>GNU GENERAL PUBLIC LICENSE. Version 3, 29 June 2007</license>
		<forum></forum>
		<website></website>
		<source></source>
		<disclaimer lang="en">The author of this addon do not host any of the content which is found and have no affiliation with any of the content providers. This addon simply searches websites for content. Use at your own risk!</disclaimer>
		<assets>
			<icon>icon.png</icon>
			<fanart>fanart.jpg</fanart>
			<screenshot>resources/screenshots/screenshot01a.jpg</screenshot>
			<screenshot>resources/screenshots/screenshot02a.jpg</screenshot>
			<screenshot>resources/screenshots/screenshot03a.jpg</screenshot>
		</assets>
		<news>
[B][COLOR red]Update - v2.9.6 - June 19, 2019[/COLOR][/B]
[COLOR yellow]--[/COLOR][I] initial release of UpNext integration[/I]
[COLOR yellow]--[/COLOR][I] Please read the newsinfo for an indepth help on UpNext[/I]
[COLOR yellow]--[/COLOR][I] fixed listitems and playlist not closing when using "Play from
    Here" or starting playback from inside the "Playlist Manager"-"View Playlist"[/I]
[COLOR yellow]--[/COLOR][I] Added new Bookmark cache clear option[/I]
[COLOR yellow]--[/COLOR][I] Changed resume bookmark to yes-no dialog to deal
    with occasional bug in contextmenu[/I]
[COLOR yellow]--[/COLOR][I] Added a notification when you stop a movie, or episode,
    that a resume point, and timestamp, was saved if bookmarks are enabled[/I]
[COLOR yellow]--[/COLOR][I] Changed functionality of Episode counters.  Previously if you
    watched an entire season the season list would change to a watched indicator only.  Now
    the episode count will be remain visible regardless of watch count.[/I]
[COLOR yellow]--[/COLOR][I] Fixed Special Seasons, or Season 0, from not being displayed.
    Adjusted episode counter to take this Season 0 into account for totals[/I]
		</news>
	</extension>

</addon>
