<?xml version="1.0" encoding="UTF-8" standalone="yes"?>
<addon id="script.venom.artwork" version="1.3.3" name="[B][COLOR red]Venom[/COLOR] Artwork[/B]" provider-name="Venom">
	<requires>
		<import addon="xbmc.python" version="2.19.0"/>
	</requires>
	<extension point="xbmc.python.module" library="lib" />
	<extension point="xbmc.addon.metadata">
		<summary>Icon-Artwork pack for the [B]Venom[/B] Addon</summary>
		<description></description>
		<disclaimer></disclaimer>
		<language>en</language>
		<platform>all</platform>
		<license>GNU GENERAL PUBLIC LICENSE. Version 3, 29 June 2007</license>
		<assets>
			<icon>icon.png</icon>
			<fanart></fanart>
			<screenshot></screenshot>
		</assets>
		<news></news>
	</extension>
</addon>